mac;essid;channel;is_ap
52:FF:20:FA:50:70;;1;NO
5C:E9:31:CA:FB:C8;OMUT_STAFF;7;YES
3C:0B:59:B7:7C:83;;6;NO
62:E9:31:CA:FB:C8;OMUT_BAR;7;YES
A6:96:64:E0:1B:04;;6;NO
36:21:CF:61:88:D8;;6;NO
A6:B7:0F:B4:57:76;OMUT_BAR;6;NO
24:2F:D0:72:8C:5F;OMUT BAR;10;YES
52:FF:20:FA:75:9C;;9;NO
50:FF:20:DA:75:9C;Surf Coffee Training Center;9;YES
F6:A7:31:50:F8:A6;OMUT_BAR;11;YES
F0:A7:31:50:F8:A6;OMUT_STAFF;11;YES
50:FF:20:DA:50:70;Surf Coffee Training Center;1;YES
48:D8:90:9F:3C:07;;2;NO
5A:32:0F:D4:9D:AA;OMUT BAR;5;NO
3C:0B:59:B7:7F:71;;7;NO
24:2F:D0:72:8C:3B;;9;NO
EA:09:EC:12:51:A1;;9;NO
4C:D5:77:EE:8B:09;;9;NO
9C:53:22:91:53:CE;TP-Link_53CE;3;YES
46:F3:33:49:90:85;;6;NO
CA:E7:79:EF:7B:E5;;7;NO
AA:20:5C:DC:DE:95;Galaxy A56 5G 3B2D;7;YES
64:31:35:90:05:4A;;9;NO
24:2F:D0:72:CC:5C;;9;NO
7E:1A:CF:B8:4A:B4;;9;NO
FC:4D:D4:56:54:58;;9;NO
E6:0C:BC:7C:6D:C9;;1;NO
D8:01:BB:72:8C:5F;;9;NO
24:AF:D4:72:8C:5F;;9;NO
9A:94:D9:C2:1F:1E;;9;NO
24:2F:CC:7B:21:DF;;9;NO
24:2F:D0:72:8C:9F;;9;NO
24:2F:50:38:64:58;;9;NO
D5:EC:D3:62:8C:53;;9;NO
6C:47:5D:72:8C:5F;;9;NO
C2:9E:F8:72:9C:5F;;9;NO
24:3D:5A:DE:93:DB;;9;NO
24:2F:D0:32:82:5F;;9;NO
24:2F:D0:D2:B9:ED;;9;NO
24:5C:40:72:8C:5F;;9;NO
C2:58:5D:BE:9D:05;;9;NO
14:90:BB:16:71:5F;;9;NO
24:2F:D0:72:0C:D5;;9;NO
24:2F:D0:72:83:5F;;9;NO
6E:47:5D:42:B3:5F;;9;NO
24:2F:D0:D2:B9:6D;;9;NO
24:2F:10:8E:9A:AC;;9;NO
24:6F:D0:72:6A:28;;9;NO
33:76:06:7D:8C:5F;;9;NO
EC:2B:C5:01:76:A2;;9;NO
24:2F:D0:72:74:52;;9;NO
6C:2F:D0:72:8C:5F;;10;NO
24:2F:D0:72:B4:1E;;10;NO
24:2F:70:70:8C:5F;;10;NO
24:2F:D0:72:8C:0F;;10;NO
42:E1:88:E3:7F:31;;6;NO
21:2F:D0:72:8C:5F;;9;NO
D8:81:41:4B:1E:8F;;9;NO
F8:2F:D0:72:A6:60;;9;NO
24:2F:D0:72:66:D8;;9;NO
24:2F:D0:72:71:5F;;9;NO
E0:E7:CC:4B:9E:45;;9;NO
06:27:D0:72:8C:59;;9;NO
5B:2F:D0:72:8C:5F;;9;NO
24:7F:F5:86:8F:5F;;9;NO
24:8F:B2:16:71:FF;;9;NO
24:2F:D0:72:FC:7B;;9;NO
24:2F:D0:72:8C:DF;;9;NO
24:2F:D0:35:71:5F;;9;NO
78:B4:F3:C6:CA:93;;9;NO
A0:D6:DD:72:8C:5F;;9;NO
24:2F:D0:72:CC:34;;9;NO
2A:C1:72:B9:7E:EF;;9;NO
3E:B6:D3:72:8C:5F;;9;NO
E4:13:C5:51:67:78;;9;NO
24:2F:D0:DA:74:02;;9;NO
26:2F:D0:72:8C:5F;;9;NO
24:2F:30:7A:8C:5F;;9;NO
4F:2C:D0:72:8C:5F;;9;NO
24:2F:50:0C:8C:5F;;9;NO
5A:2F:D0:72:8C:5F;;9;NO
CC:58:15:BA:DE:56;;9;NO
9A:7F:2E:62:A6:3C;;2;NO
8E:02:39:D1:94:4F;;6;NO
FE:2F:D0:72:8C:5F;;8;NO
24:2F:D0:72:14:7C;;9;NO
24:2F:D0:01:8C:5F;;9;NO
AF:B6:F5:96:60:59;;9;NO
24:2F:D0:72:8C:2C;;9;NO
7A:92:17:F5:AB:DC;;9;NO
DA:7B:85:78:A8:EA;;2;NO
36:59:E8:4C:06:0D;;9;NO
5A:85:BC:56:8C:5F;;9;NO
D1:EC:D1:72:8C:5F;;9;NO
FB:A5:CD:61:40:B0;;9;NO
82:53:A8:F4:5E:02;;10;NO
22:31:F0:45:43:D8;;2;NO
5A:ED:6C:ED:8C:5F;;8;NO
24:2F:D0:72:BC:44;;8;NO
05:4D:C9:E5:5B:47;;9;NO
27:2F:D0:72:8C:5F;;9;NO
24:2F:D0:32:07:5C;;9;NO
C6:00:B5:80:9B:90;;9;NO
F2:DE:A2:AE:50:DD;;12;NO
9E:89:7F:61:3E:E7;;13;NO
24:2F:D0:72:E8:C1;;9;NO
24:AF:0E:67:FF:3B;;9;NO
BD:F0:25:D5:4E:63;;9;NO
84:4D:52:76:8B:4A;;9;NO
24:87:48:F8:F5:75;;9;NO
14:28:D0:72:8C:5F;;9;NO
44:F1:E5:72:8C:5F;;9;NO
57:0B:D0:72:8C:5F;;9;NO
3A:FB:52:7A:23:00;;10;NO
38:05:78:72:8C:5F;;9;NO
24:2F:80:43:8B:5F;;9;NO
7A:92:17:39:44:58;;9;NO
48:4B:D3:72:8C:5F;;9;NO
70:E3:DF:F2:5B:67;;9;NO
3C:0B:59:B7:7E:35;OMUT_STAFF;1;NO
3F:2F:D0:72:8C:5F;;9;NO
91:E2:D1:72:8C:5F;;9;NO
48:8B:A2:72:8C:5F;;9;NO
24:2F:4C:F8:8F:5F;;9;NO
24:2F:84:7E:8C:5F;;9;NO
49:2F:D0:B2:39:8F;;9;NO
E8:7E:F5:72:8C:5F;;9;NO
48:A1:00:7D:8C:5F;;9;NO
24:7F:41:87:8F:5F;;9;NO
3E:FF:D0:72:66:58;;9;NO
9C:C0:0E:87:8F:5F;;9;NO
60:05:36:F6:CA:1D;;9;NO
E4:7F:A1:CF:67:78;;9;NO
24:2F:D0:72:0C:5C;;9;NO
B5:DF:41:BF:58:68;;9;NO
33:05:03:D5:3E:9A;;9;NO
24:F5:14:B3:37:0D;;9;NO
06:2F:50:BF:5D:30;;9;NO
F6:1F:FA:F5:F4:AE;;9;NO
4A:F5:AF:F7:4E:5A;Xiaomi_2744_5G, cassette;13;NO
24:2F:D0:22:E9:88;;9;NO
15:44:F4:72:8C:5F;;9;NO
24:2F:D0:72:4C:FE;;9;NO
24:2F:D0:32:E9:D2;;9;NO
37:69:48:AD:13:8F;;9;NO
A9:8F:54:FE:9A:C9;;9;NO
24:2F:D0:B2:37:69;;9;NO
2E:CB:A7:FF:08:56;;9;NO
18:2F:D0:3A:64:58;;9;NO
24:2F:F0:D3:8C:5F;;9;NO
07:E4:CC:7B:8C:5F;;9;NO
25:2F:D0:72:8C:5F;;9;NO
24:85:B2:EC:2C:3D;;9;NO
24:87:E5:94:BC:5F;;9;NO
E4:94:96:88:8F:1F;;9;NO
FE:61:F8:0B:65:8E;OMUT_STAFF;8;NO
E9:BE:00:68:D5:60;;9;NO
42:5C:54:B8:DD:60;;9;NO
24:2F:D0:76:FC:9C;;9;NO
40:2C:D4:72:8C:5F;;9;NO
24:2F:D0:72:9A:9C;;9;NO
24:2F:D0:94:FB:6E;;9;NO
63:2D:D0:72:8C:5F;;9;NO
40:86:48:42:33:94;;9;NO
43:2C:23:C9:44:43;;9;NO
CD:72:AF:65:33:94;;9;NO
63:6D:C5:C9:E0:D2;;9;NO
B8:DF:8D:51:27:C7;;9;NO
24:3F:D0:72:8C:5F;;9;NO
3C:27:D0:6A:4C:5B;;9;NO
24:5F:54:A4:44:A5;;9;NO
C2:58:BB:16:71:7F;;9;NO
3C:0B:59:B7:7E:E0;OMUT_STAFF;11;NO
1A:DF:D6:C2:8E:C9;;3;NO
76:1C:EF:F0:3A:81;;9;NO
24:AF:D1:72:8C:5F;;9;NO
24:7B:1C:3D:8C:5F;;9;NO
24:2F:D0:72:DC:AE;;9;NO
6A:FC:AD:62:77:47;;1;NO
5A:F8:18:C9:BA:ED;;9;NO
24:2F:D0:72:8C:E5;;9;NO
40:0C:31:EF:8C:5F;;9;NO
56:FD:3F:28:A6:C4;;9;NO
24:2F:D0:D5:EC:89;;9;NO
24:2F:80:67:7F:71;;9;NO
24:EF:CC:7B:8C:5F;;9;NO
24:67:D0:72:8C:5F;;9;NO
24:2F:54:F8:67:F1;;10;NO
24:2F:D0:9A:2B:80;;10;NO
8E:39:4B:7B:CB:41;;7;NO
24:2F:D0:86:37:59;;9;NO
31:28:D0:72:8C:5F;;9;NO
26:2F:D0:72:40:E4;;9;NO
FA:1A:62:73:8C:5F;;9;NO
EF:81:B5:69:8D:5F;;9;NO
24:2F:D0:72:63:85;;9;NO
24:2F:D0:72:8C:FF;;9;NO
F4:94:48:6D:8C:5F;;9;NO
24:8F:D2:72:8C:5F;;9;NO
1D:2F:D0:72:8C:5F;;9;NO
8E:17:D0:72:8C:5F;;10;NO
C2:77:89:78:31:08;;3;NO
A2:69:37:5B:3A:0C;;9;NO
1B:2D:D0:72:8C:5F;;9;NO
70:EA:6C:AB:B9:4D;;9;NO
24:2F:D0:32:AF:5E;;9;NO
CC:D4:0D:8E:22:CC;;9;NO
EF:F9:23:71:DC:56;;9;NO
24:2F:F4:C6:CA:C9;;9;NO
9F:19:48:F1:06:66;;9;NO
00:33:D0:72:8C:5F;;9;NO
64:34:79:8A:1D:5B;;9;NO
07:2F:D0:72:8C:5F;;9;NO
29:2F:D0:72:8C:DD;;9;NO
24:2F:D0:72:24:47;;9;NO
2D:28:D0:72:03:34;;10;NO
E8:00:23:9C:96:4A;;10;NO
24:2F:B0:04:71:F6;;9;NO
01:2F:D0:72:8C:5F;;9;NO
24:2F:AA:A5:EE:21;;9;NO
24:6F:6F:C9:46:E3;;9;NO
24:DB:6B:1E:DC:86;;9;NO
17:74:6B:0C:A6:7E;;9;NO
24:2F:D0:DA:14:40;;9;NO
4F:2C:D0:9A:63:05;;9;NO
00:26:C6:85:91:E4;OMUT_STAFF;11;NO
A2:9F:59:29:E9:6B;;6;NO
2C:2F:D0:72:8C:5F;;9;NO
6A:2F:D0:72:8C:5F;;9;NO
F9:2E:D0:72:8C:5F;;9;NO
24:2F:D0:72:8C:AC;;9;NO
D0:26:C5:41:63:BD;;9;NO
BA:6E:AE:6D:A8:D8;;13;NO
41:B5:DF:60:34:F3;;9;NO
EF:66:08:6E:80:2C;;9;NO
E2:CD:55:52:CC:DA;;4;NO
D6:3A:22:60:E7:84;;5;NO
EA:1E:E2:C5:D9:CF;;9;NO
72:71:D0:2D:22:7E;;1;NO
52:03:E0:E3:C3:F8;;3;NO
29:2F:D0:72:8C:5F;;9;NO
8D:E7:36:7A:3F:C7;;9;NO
7E:D3:24:8E:22:CE;;9;NO
